,prog,locality,source,cluster,dup,X1,Y1,bio1_current,bio7_current,bio12_current,bio15_current,bio1_LIG,bio7_LIG,bio12_LIG,bio15_LIG,bio1_LGM,bio7_LGM,bio12_LGM,bio15_LGM,bio1_MH,bio7_MH,bio12_MH,bio15_MH,bio1_gfdlesm4_370,bio7_gfdlesm4_370,bio12_gfdlesm4_370,bio15_gfdlesm4_370,bio1_gfdlesm4_585,bio7_gfdlesm4_585,bio12_gfdlesm4_585,bio15_gfdlesm4_585,bio1_ukesm1_370,bio7_ukesm1_370,bio12_ukesm1_370,bio15_ukesm1_370,bio1_ukesm1_585,bio7_ukesm1_585,bio12_ukesm1_585,bio15_ukesm1_585
0,1,NA,Tracking,w,9040347,6.31,14.57,280.8116674,248.0000067,336,152.0170288,242.4836426,316.8405762,732.3803711,132.1809082,244.5,274,142.75,143.25,261.5,256,583,150,300,270,374.8403244,162.1133347,302.3555756,269.9632168,375.0677643,169.401516,312.3054504,270,517.1559067,164.6978722,320,270.0852823,510.3663712,159.6099281
1,2,NA,Tracking,w,9014439,5.98,14.76,282.5287485,242.6000071,380.5,147.9505959,240.6379395,320.2727051,780.5727539,131.9819336,242.75,273.25,156,139.75,259.25,257.5,666,146.75,303.915925,266.9851589,432.4889069,159.6808929,305.1831818,260,440.2291183,166.3850555,315.6853008,260.1474667,578.3346863,160.5057259,318.3002424,267.0211267,581.6656494,154.0897255
2,3,NA,Tracking,w,9346202,16.09,12.1,289.2316628,265.4133288,461,142.6487274,254.0136719,320.3011068,738.4495443,118.3802083,259,289.6666667,235,131,270,273.6666667,716.6666667,142,310,246.7229525,530.3122965,145.3677368,310,250,526.1629232,140.3717295,310,250,781.7730916,149.7898102,310.6848717,260,731.1989543,149.1237895
3,4,NA,Tracking,w,9232001,6.07,13.02,279.2745876,240.2000046,557,138.6010323,241.9938965,313.265625,1006.344238,127.4291992,243.5,267.75,394.75,138.75,255.5,254.75,924.75,137.25,303.3426666,240,700.7153931,143.0244026,307.4320126,240,689.4103851,141.8423958,310,260,869.8818359,142.2407799,310.0164413,258.0275679,895.7820282,138.374321
4,5,NA,Tracking,w,9232003,6.14,13.03,279.0750058,241.0133553,550.6666667,139.1234182,241.6272786,313.6559245,996.0800781,127.5201823,243.6666667,268,387.6666667,139,255.3333333,255,912,137.6666667,305.4345385,240,699.4970907,143.439916,309.0421232,240,687.3533529,142.4158325,310,260,869.7787476,142.9305878,310,259.7747421,895.1280314,139.0062815
5,6,NA,Tracking,w,9315141,16.9,12.36,287.4994405,261.6133118,492,143.2218323,254.9931641,329.6230469,785.4830729,120.2018229,262,301.3333333,253,131.6666667,267.6666667,291,813,144.3333333,310,249.4723511,520.1353149,148.4930471,310,250,508.7505493,142.9872691,310.2063688,250,743.758667,151.8361206,320,260,724.0757446,151.4816284
6,7,NA,Tracking,w,9247827,17.96,12.9,292.4870825,257.3599863,477,144.5766411,258,324.8444824,690.2207031,121.1166992,265.75,296.25,200,133.25,268.5,288,708.25,152.5,310,240,431.731575,156.2379951,310,250,413.0693817,152.4116173,320,250,687.7767181,165.3870583,320,259.3286324,670.2861023,164.9386597
7,8,NA,Tracking,w,8967865,7.88,15.15,276.4170837,254.279995,238.25,163.6724815,236.5405273,321.7319336,557.1677246,131.2421875,236.5,279.75,54.5,131,258.5,259.75,437.5,156.5,300,289.9368382,268.3926773,179.4117661,300,280.2321196,267.2023849,188.5148544,310,281.9942999,406.2717133,181.4939041,310,289.4848824,397.430397,176.8565674
8,9,NA,Tracking,w,8962487,-0.37,15.17,292.8041697,256.1999941,286.5,143.4622345,251.8769531,314.9836426,762.3864746,126.3366699,253.25,265.75,131.5,135.5,270,256.75,549.5,142.75,326.6745758,260,311.5399399,162.2633514,329.2407513,256.3405085,342.1815338,171.6617165,340,260,355.5765762,153.5750618,340,260,345.8009338,151.9748421
9,10,NA,Tracking,w,9444717,20.07,11.32,279.2627716,246.3733355,776,125.5081253,248.6549479,325.2008464,1043.784505,115.9039714,251.6666667,262,590,120.3333333,257,276.6666667,1131.333333,127.3333333,300,210,671.9393311,129.5158793,300,210.1171748,666.2681478,123.9914729,310,219.6139463,1004.069682,133.115626,308.951149,230.0694529,943.6889242,135.7091471
10,11,NA,Tracking,w,9713707,4.66,9.13,268.4004164,183.5599899,1112,85.97075462,247.9916992,230.0620117,1342.699707,95.45458984,237,192.75,1031.75,85.75,259.25,188.75,1344,86.75,300,160,937.6379547,91.08939934,300,160,1005.182022,91.18713379,303.4374046,180,1212.290039,102.3048782,310,180,1195.73291,103.8839798
11,12,NA,Tracking,w,9117600,-12.32,13.92,284.1879129,224.1599941,739,135.4704781,262.2268066,306.5178223,770.6022949,131.0568848,243.5,243.75,811,138.75,262.5,240.25,1011.25,128.25,326.3779354,220,606.4976044,129.6872597,320.172863,220,691.6912537,127.9964027,330,224.1753387,731.7267914,136.2399025,332.2157097,220.3330278,642.5677948,134.3703003
12,13,NA,Tracking,w,9050230,-13.58,14.5,278.2783365,234.8699808,767.75,135.2939453,262.0441895,310.9775391,761.7607422,131.0134277,241,256.5,865.75,139.75,262.25,255.25,1063,127,320,218.110466,494.4898834,141.0332069,320,211.9946241,567.3726501,138.5219421,322.3164463,220,586.9758759,143.8214073,330,220,506.8307648,139.9078178
13,14,NA,Tracking,w,8848344,-7.98,16.1,293.7170839,282.8199959,257.5,136.3598709,262.7375488,338.4863281,299.7009277,129.4470215,247.25,265.25,167.25,152,272.75,266.25,423.75,140.75,320,280,318.1231766,153.7649689,320,270,335.8339233,157.8215485,330,279.1888189,281.6590958,150.5711861,340,270,249.6673012,143.2103424
14,15,NA,Tracking,w,8837994,-7.58,16.18,298.265419,283.6699963,246.75,136.4031105,264.8173828,334.6118164,329.9291992,127.4221191,250.5,262.5,164.25,148,275.5,263.75,439.5,139,320,280,295.183403,152,330,270,314.3201599,155.9030533,340,276.207099,260.5868683,147.0581551,340,270,236.0422974,140.313324
15,16,NA,Tracking,w,8682462,-13.05,17.45,302.474165,266.0899925,155.25,141.7174263,273.9572754,332.4755859,97.1484375,160.1777344,255.75,264,141.5,166,277,272,246.5,152,330,260,203.0895767,163.9279099,330,250,205.5280457,164.8452263,338.954792,260,155.6852646,157.1521339,340,250,144.7268982,153.269577
16,17,NA,Tracking,w,9045197,-7.45,14.53,273.9979172,274.380002,432.75,143.9003296,242.0092773,343.8671875,593.5905762,117.7067871,231,281.5,374.25,147.75,247.25,276.75,743.5,135.25,312.4835491,260,460.5661316,146.6793213,319.0009642,250.5337191,467.2195663,145.7485046,330,252.9854012,472.0634003,141.5354881,330,251.0128641,430.5676498,137.852314
17,18,NA,Tracking,w,8739615,-5.87,17,289.7341728,293.670001,152,135.5164719,252.1855469,342.5537109,333.7854004,148.6584473,239.25,280.5,68.75,141.25,271.25,273.25,276,146.5,310,290,146.3756676,153.8754654,310,280,164.2251892,158.0901299,320,280,130.4780464,145.9444466,320,280,120.2367325,139.067543
18,19,NA,Tracking,w,8957197,-4.95,15.23,289.9058294,280.8500195,304,141.1840935,236.0007324,327.7265625,552.3762207,119.6418457,230,273.25,179,138,248.25,268,535.25,138.25,320,260,378.9907761,155.9384727,320,250.0286293,378.7205353,153.7163887,330,257.26336,339.2676773,143.3327446,340,250,317.8503036,139.6218834
19,20,NA,Tracking,w,8988278,-4.89,14.99,288.0211131,280.6666629,324,139.7084808,235.0136719,329.3681641,578.280599,119.5524089,230.6666667,277.3333333,199,139,246,272,565,136,320,252.941068,424.9871521,152.3441671,320,250,417.0022583,148.7663829,330,250,392.0498047,140.3783366,340,250,369.1134745,137.1310679
20,21,NA,Tracking,w,8957176,-5.83,15.25,290.0883341,287.3800087,325,142.8459244,238.9414063,333.1618652,526.0939941,116.0847168,230.75,275.75,205,146,250,270.25,570.5,139,314.3695927,270,377.6465988,158.4099236,319.1938877,265.5466223,381.2777176,157.1129951,330,261.4898109,343.2411804,149.5087471,330,260,313.9240189,144.0255852
21,22,NA,Tracking,w,8837890,-11.89,16.19,289.0600014,247.6400042,257.75,132.1266289,258.7028809,348.6171875,166.5275879,131.6606445,239.25,267.25,268.5,156.25,260.75,271.75,426.5,142.25,319.6575546,240.0270128,434.2595673,151.452137,320.0727558,240,421.8533096,150.724762,330,249.1609859,365.8602982,150.9946785,332.1350288,240,331.0646667,145.0178413
22,23,NA,Tracking,w,9081626,-0.38,14.25,287.692914,246.18999,410.25,139.7565117,249.3459473,325.1005859,873.9233398,124.734375,252,275.75,219.75,136.25,265.75,262.25,704.25,137.25,320,240,418.1075363,154.6017609,320,240,429.5830231,159.165287,330,240,479.0583344,145.4528313,333.2199001,250,476.8702164,144
23,24,NA,Tracking,w,8796581,-6.45,16.52,292.0025015,287.1300077,199,134.3248177,254.9428711,333.0739746,335.5388184,141.2705078,242,265.5,103.75,142.5,270.25,260,346,143,310,280.5122423,229.5699196,157.839653,310,270.5122423,245.2902374,161.4301834,320,280,198.3545227,148.2369728,330,278.3856153,178.9677353,140.6383972
24,25,NA,Tracking,w,8998420,-13.99,14.91,285.0250053,242.3100042,589,141.8886604,264.9367676,312.7148438,559.6318359,137.9064941,243.25,262.5,661.25,148.25,265,262.5,817,132,320,230,446.8834991,146.1225548,320,220.5050373,498.4924316,143.4593391,321.1734104,230,491.627533,146.4662781,330,230,423.6429291,141.8935585
25,26,NA,Tracking,w,8905298,-9.07,15.64,290.9805489,275.3866704,326.3333333,141.3440399,260.3193359,350.656901,320.9576823,112.6149089,243.3333333,276.6666667,260.3333333,156.3333333,266.6666667,277,509,139,320,263.9927546,380.2758484,147.4778035,320,260,386.6271362,149.7624207,330,260.681839,355.3511353,146.9643046,340,260,294.2513835,139.7237956
26,27,NA,Tracking,w,9091668,-13.63,14.13,274.3787479,231.0999966,756,133.2343941,263.2998047,303.6894531,787.4875488,132.5761719,243,252.5,872.5,137.5,264,250,1040.25,126,321.9819641,218.4461498,537.663269,135.3214569,320,220,627.0310974,133.2464943,330,220,640.2946014,138.8845253,330.2485275,220,562.9953003,136.9107933
27,28,NA,Tracking,w,9013968,-13.66,14.77,283.251667,241.7000008,705.5,138.8659401,263.3439941,315.9855957,668.5974121,132.5910645,242,260.5,776.25,142.5,264,260.5,969.5,128.75,320,220,460.3733978,146.3500252,320,220,517.9627686,143.4289665,330,229.902997,532.2722778,148.7111816,330,229.4476175,453.9611588,143.4807243
28,29,NA,Tracking,w,8775651,-15.2,16.7,285.6008291,238.1100035,203.25,153.6086693,265.3637695,289.1401367,156.2194824,148.3327637,245,250,234.25,164.5,264,260.5,298.25,141,310,230,208.547245,163.4731522,310,220,223.1629791,163.4746666,319.8896551,233.8102913,187.8990479,159.4669151,320,230,179.1177597,154.9345284
29,30,NA,Tracking,w,8993191,-16.01,14.93,272.503891,220.0666746,459,151.7632497,253.2848307,256.9140625,504.2005208,158.7102865,234.6666667,262.6666667,683.3333333,163,253,246,634.3333333,139.6666667,290,200.0679207,376.3250224,151.8582001,290,200,433.7630819,150,294.2841593,207.4564107,413.3121847,147,300,208.8585472,375.6649475,147
30,31,NA,Tracking,w,8811955,-13.35,16.39,302.1391678,259.4200039,236.75,149.6089516,273.3056641,326.8845215,137.309082,149.2624512,252,259,279.25,165.75,274,263,381.25,145.75,330,240,297.0343094,160,330,234.4569349,301.6537094,160.3589439,340,240.1562691,256.1858444,160.9085808,340,240,235.056282,151.0412102
31,32,NA,Tracking,w,8977820,-9,15.08,281.3445807,259.8100042,437.25,142.1325531,250.7775879,348.4689941,520.739502,114.5371094,234.25,278.5,419.75,151.25,256.25,276.5,765.5,134,310,260,502.5651398,142,310.8362484,258.791523,517.1343155,143.9964027,320.5092716,260,507.3747101,143,330,252.1651888,433.5667496,138
32,33,NA,Tracking,w,8894872,-11.82,15.71,287.4012518,245.2000093,335.25,134.0559807,259.6035156,342.871582,205.6164551,120.0725098,240,267,300.25,155.75,261,268.75,439.75,143.25,319.6793127,239.5742226,449.2074738,147.3145409,320.7836437,238.4578371,445.8559494,145.0832825,326.5297699,240,425.6852188,148.0116882,332.7044392,238.4578371,361.7987595,141.1998482
33,34,NA,Tracking,w,9019140,-13.98,14.73,282.973999,243.5039902,639.4,139.3939758,263.7517578,310.3669922,620.1408203,136.5119141,242,260.2,716.2,144.6,264,259.4,878.2,130,320,229.7654533,465.5985901,143.2176361,320,229.1299171,530.2115723,140.440271,320,230,529.8453857,143.9932343,330,230,458.1935303,140.354303
34,35,NA,Tracking,w,9050186,-15.41,14.48,276.4416647,230.0299883,529.25,144.1141815,257.2246094,279.8969727,587.3796387,150.5925293,237.25,270,711.25,149.75,256.25,259,739.25,132.25,300,210.2152157,461.1333237,145.8920059,300,208.7029791,532.7631989,144.0929298,300.0439405,218.7029791,524.4570007,144.9885597,310,218.7029791,457.8542709,143.529911
35,36,NA,Tracking,w,8920907,-6.18,15.51,288.3277829,283.8666598,291,140.9705404,242.4248047,335.5634766,465.8333333,119.7226563,232.6666667,274.3333333,185.3333333,150.6666667,254.6666667,270,509,142,310,280,358.6201681,155.9609477,310.7538923,270,363.5830383,156.2366994,329.2073822,270,320.2133586,147.2615306,330,269.1578229,287.2870483,141.0687154
36,37,NA,Tracking,w,8931109,-12.79,15.43,295.1541662,252.9999971,392.5,143.3965454,270.4111328,336.5383301,313.4162598,127.7844238,250.25,267.75,430.75,156,271.75,269.25,570.25,138.75,330,240,399.5237198,152.7015228,330,233.8798285,407.2271729,149.5327034,340,240,396.7005005,154,340,230.0117207,325.5541,144
37,38,NA,Tracking,w,8754930,-15.24,16.87,284.1608381,239.1299963,181.5,154.2599602,264.9916992,286.7890625,138.4868164,150.5744629,246,245.5,212.75,164,263.25,258.25,277.75,140.5,310,230,187.8128738,164.2875099,310,220.2241611,198.6211967,163.8250084,311.1671925,232.0019817,165.4184608,157.9403915,320,230,158.2937431,154.8577156
38,39,NA,Tracking,w,8827597,-9.09,16.27,297.0745802,281.889987,236.25,141.6056061,265.0292969,340.376709,206.404541,144.7983398,247.25,263.25,165.25,158,272.75,266.25,370.75,141.75,320,280,276.2247849,153.8604965,330,270,281.0167923,155.7971039,340,280,229.404213,148.109436,340,270,201.553196,141.2806969
39,40,NA,Tracking,w,8967571,-4.36,15.15,283.375562,270.9733391,313.3333333,146.2311757,234.9039714,315.5800781,648.929362,119.9264323,231,264.6666667,211,144.3333333,247.6666667,256.6666667,649.6666667,143.3333333,320,260,417.5907898,154.793691,320,250,412.7892456,152.1507924,339.2801539,254.7141329,384.18514,141.0112864,340,250,363.038147,136.9791921
40,41,NA,Tracking,w,8822456,-7.5,16.3,299.3962526,283.9300013,233.25,135.6006699,267.3549805,331.6174316,328.7971191,129.5715332,253,259,154.75,142.75,278,260,432,138.25,325.9213066,280,276.5553589,151.9128265,330,270,296.675087,155.0107918,340,275.0907946,241.9751282,146.9232445,340.2415466,269.7950888,219.8087044,139.8818016
41,42,NA,Tracking,w,9133056,-15.83,13.83,274.7629166,229.1999912,664.25,145.8202553,259.3598633,260.0275879,718.1542969,154.9023438,247.75,305.75,968.5,150.5,259.75,246.5,919.5,139.25,290.2970839,181.2391329,559.6680756,146.3708267,290,180,656.002655,143.1702919,299.9650002,187.8815079,643.1752167,145.0747833,300,184.0426397,548.4628906,141.7188454
42,43,NA,Tracking,w,8988267,-5.35,14.97,287.6388931,281.9333458,337.3333333,142.3175557,236.4781901,334.2421875,584.5182292,115.2753906,230.3333333,280,220.3333333,135,246.3333333,275,613.3333333,135,320,260,398.6235555,157.1586914,320,250,393.5586344,153.2373657,330,251.3217862,368.5166321,146.1471659,340,250,343.725352,142.6405538
43,44,NA,Tracking,w,8905312,-8.49,15.66,288.3745861,279.1900063,306.25,138.1589241,257.8986816,346.0339355,321.0737305,116.935791,242,274,226.25,153.25,265.5,273,477.5,138,320,270,391.6364594,148.8878174,320,270,408.1457672,152.0946808,330,270,362.7856598,147.6330032,337.4783325,260,302.0162735,140.1788139
44,45,NA,Tracking,w,9081255,-15.87,14.24,276.6695786,225.0500154,560,148.0347633,262.1816406,265.8464355,652.4057617,154.1894531,246.75,293.25,876.25,152.75,262,254.25,825,136,300,200,474.1628494,150.1577873,300,198.8392162,552.6454163,148.4964104,300,200,540.0478668,147.8218307,303.7308884,200,480.7192307,145.3091431
45,46,NA,Tracking,w,8951940,-8.15,15.29,285.3483343,275.1999855,352.5,140.5067596,250.6257324,347.5317383,410.7756348,113.963623,236,278.5,276,152.75,258.25,275.5,567,138.25,310.5378914,270,441.905365,148.8120041,320,260,457.8920059,150.7387505,330,260,425.6964417,147.0016136,330,260,359.8318405,141.6104317
46,47,NA,Tracking,w,8998630,-5.24,14.91,287.6149988,282.7699947,340,142.34412,235.9780273,334.2080078,592.9316406,115.6821289,230.25,280.5,221,134.75,245.5,275.5,617.5,135,320,259.9632168,407.8253098,155.8519859,320,250,400.5709152,151.6986771,330,250,378.8500748,144.737896,340,250,354.5208817,141.7153358
47,48,NA,Tracking,w,8905390,-5.21,15.63,291.2358332,281.2299967,280.75,139.4152184,238.7570801,331.1408691,488.9069824,121.6928711,230.75,272.75,145.5,140.5,253,267,466.75,141.5,316.6276646,270,311.0652466,159.357914,319.2999935,260,318.6389618,158.1605377,330,260,270.3981934,146.4963913,330,260,251.8089561,141.99263
48,49,NA,Tracking,w,9101972,-16,14.06,278.1104231,223.7299871,616.75,148.5410233,264.6408691,255.666748,709.3476563,155.6491699,252.75,302.5,989.25,153.25,265,245.75,919.5,139.75,290.6618452,190,505.430809,150.7846909,290.5576706,190,589.598526,148.2833595,300,193.027215,574.5083313,147.7603989,300,193.9718437,507.2542725,144.7788048
49,50,NA,Tracking,w,8920916,-5.81,15.52,289.5903358,283.9120064,296,139.3939667,240.6789063,333.2994141,470.0308594,120.1154297,231.6,274,166.6,148,253.2,268.8,485.4,141.6,310,276.6268082,336.8433777,159.4444305,311.0560112,270,343.2487793,158.9792725,330,270,296.7257019,149.4119293,330,266.5796814,271.5589478,143.5724243
50,51,NA,Tracking,w,9045262,-4.73,14.52,276.1506653,290.5039978,412.2,139.0058624,235.9375,333.8863281,703.7625,117.6199219,232.4,285.6,275.8,136.4,245.4,280.6,742.8,137,320,248.3880768,498.0387878,147.0476929,320,240,484.9560913,141.9877106,340,240,486.3773376,136,340,240.0382919,464.8672668,133.7496307
51,52,NA,Tracking,w,8941529,-10.27,15.35,292.5429153,255.3499842,397.25,138.5112267,257.9401855,337.333252,381.8911133,111.802002,239.5,262.75,386.5,150.75,261.5,262.25,624,133,320.3461552,259.852047,448.1209335,139.9750137,320.9703255,259.852047,437.639122,137.3046532,330.1674557,259.852047,430.4922562,142.3033676,338.3255577,256.1177349,363.7421188,134.1507339
52,53,NA,Tracking,w,9070904,-15.48,14.32,274.7475004,228.740015,557.75,143.5242233,257.222168,277.244873,621.190918,150.9333496,238.25,276.75,767,150,256.25,258,778.5,133,300,202.3094893,493.4122314,145.7687492,300,200,572.5440979,144.0349655,302.50422,210,566.1663513,145.0734406,310,210,494.2880859,142.9741478
53,54,NA,Tracking,w,8946825,-5.43,15.33,290.0304174,283.2599974,313.75,139.3574448,238.9538574,332.8688965,513.9970703,117.0524902,231.5,275.5,173.5,140.5,251,270.25,518.5,138,320,270,348.1031876,160.0017586,320,266.7603254,352.9612503,158.5089836,330,260.8010817,308.0810471,148.8696518,330,260,285.6168594,144.1275024
54,55,NA,Tracking,w,9361775,17.47,11.99,288.4429169,255.9899998,605.25,135.779953,255.3710938,322.9106445,891.267334,118.4328613,263,286.75,352.5,126.25,264,284.5,956.25,135.5,310,246.7232323,583.8867188,140.1455803,310,250,585.9888153,135.283062,310,250,838.4965668,140.917141,310,260,780.101944,140.0879784
55,56,NA,Tracking,w,8833101,4.4,16.21,294.28792,272.110014,221.25,151.2123222,250.2124023,342.0241699,640.168457,137.4199219,249,290.5,59,140,273,274,425,152,320,287.4053431,168.8216705,165.1041718,320,280,197.7510567,181.0967293,330,280,232.5806999,168.6320915,330,280,225.7856827,158.8711319
56,57,NA,Tracking,w,8713856,0.04,17.17,293.1879139,272.7499962,138.25,142.9887047,250.3186035,336.1447754,620.8823242,130.6455078,246.75,276.25,44.5,116,272.75,264,320.75,148,322.5381374,288.4892988,140.8999214,164.9891968,324.3162632,280,176.0712242,182.0712585,338.793211,280,170.3707008,157.99543,340,280,160.2286301,155.1332397
57,58,NA,Tracking,w,8827939,5.16,16.26,289.8750019,273.0400133,221.25,149.7388916,246.347168,343.2258301,619.8554688,138.8806152,246,291.25,57.5,131.5,269,276.75,434.25,152.5,310,291.6500139,187.686615,168.9239616,310,290,203.8906212,182.772007,320,290,265.0620193,179.03936,330,290,254.185524,167.6668053
58,59,NA,Tracking,w,9159455,4.97,13.61,286.98445,237.6666705,480.6666667,138.414561,250.000651,306.7294922,954.4827474,127.5113932,251.3333333,259,298,134.3333333,267.3333333,249.3333333,821.6666667,137,310,239.1714795,568.452006,149,310,239.8055712,545.7999674,146.9097239,314.5736821,250.3400485,682.7347819,144.7678579,320,250,704.7246094,140.2304993
59,60,NA,Tracking,w,8858737,-6.6,16.01,290.1761119,281.9333267,247.3333333,137.6902364,250.7783203,334.703776,384.7851563,126.8284505,238.6666667,268.6666667,150.6666667,148,264.3333333,264,433,142,316.5754191,276.5679423,309.1657817,154.2302195,320,269.4767888,321.6735433,156.4519602,330,270,272.7757772,146.016215,330,262.6686859,243.6567841,140
60,61,NA,Tracking,w,9273276,-0.8,12.7,280.8566666,226.8900108,684.25,123.4916306,244.0473633,295.2937012,1064.184814,115.9150391,246.5,236.25,450.5,120,257.5,230.75,1063.75,125,309.9332666,211.0908937,660.3025513,125.0356655,309.7416925,220,669.5252686,121.7456036,319.5390558,230,821.2601929,124.0923176,320,234.00527,815.0309448,121.1745605
61,62,NA,Tracking,w,8853862,6.1,16.08,284.9920845,270.079999,220.75,151.2022743,241.4887695,338.8930664,588.6037598,137.6906738,241.5,290.5,53.5,118.75,262.75,277,417.75,150.5,310,290,218.3976097,176.9958992,310,290,224.6421165,187.3958855,320,280,310.2386932,184.6834755,320,282.0690298,298.2089005,175.3277969
62,63,NA,Tracking,w,8786551,7.3,16.59,286.2987518,295.1500034,157.5,158.7267532,240.0964355,350.0200195,511.9716797,143.1374512,238,304.25,27,94,263.25,282,331.5,160.75,314.0287733,300,166.2220154,197.6943169,319.5057058,298.9806509,161.52248,199.2086182,330,290,223.6642685,197.0960197,330,290,216.9854126,189.9135132
63,64,NA,Tracking,w,9205980,1.01,13.23,288.218751,239.0700054,538.75,134.3499069,247.6542969,315.5136719,1026.672363,125.2158203,251.5,260.25,337,130.5,264,246.5,854.25,132.75,310.6914568,239.1132927,551.0882874,135.9285431,312.5714588,240,542.2779236,134.3318405,322.5275326,240,765.9039307,138.0963478,329.9506855,241.6680956,733.1495667,135.1852341
64,65,NA,Tracking,w,8905608,3.87,15.63,297.1941614,261.7499924,242,149.874054,252.1767578,333.4560547,687.5095215,135.3620605,253.75,284,81.25,144.25,273.5,265.5,446,148,320,280,249.6062698,168.7455101,320,270.2581501,289.835556,190.0801735,330,270,325.8590698,164.3557472,330,270,317.5937805,158.8344994
65,66,NA,Tracking,w,8760583,4.49,16.8,293.0929136,280.4399967,183.5,150.2379265,248.9755859,349.8078613,599.7944336,138.1030273,246.25,294.75,40.5,117,273,280.75,386,157.75,320,293.8709688,119.1178627,170.8240318,320,290,132.5193672,179.4256554,330,282.4572468,159.2235794,172.2616577,330,285.4242325,154.3204384,163.3839073
66,67,NA,Tracking,w,8864219,5.97,15.99,285.352087,266.639986,226.25,151.2682152,241.7851563,337.060791,597.8203125,138.2739258,242,288.75,57,129,263,276.5,421.5,149.5,306.6583395,290,238.1856918,174.520874,310,290,246.1689987,185.9837456,320,280,340.1664886,182.8428078,320,280.542798,327.9719467,172.358963
67,68,NA,Tracking,w,8765762,4.42,16.77,293.0305545,280.2533277,180.6666667,151.427063,248.8632813,349.9586589,603.375,137.8880208,246.3333333,294.6666667,41,117.3333333,273,280.6666667,386.3333333,157.6666667,320,292.0251401,121.2239812,170.0168203,320,290,136.5557912,180.0575714,330,281.2555949,161.9091899,171.2185516,330,282.0251401,157.0442251,162.1032257
68,69,NA,Tracking,w,8900308,-1.14,15.7,296.7105548,267.4933306,249,142.9740855,255.7086589,319.3844401,712.0348307,125.6393229,254.3333333,267.6666667,112.6666667,134.6666667,274.6666667,258.6666667,530.3333333,145,320,270,287.0563965,161.7255249,320,260,309.8333028,169.7452291,331.2384033,266.6015244,325.3628133,150.9985046,340,260,311.0671387,149.0027822
69,70,NA,Tracking,w,8786242,-5.55,16.59,291.0037518,289.0600157,183.75,137.738018,247.8369141,339.8618164,376.3381348,137.6291504,236.5,275.75,85,135,265.5,269.25,319,147,310,290,194.0149612,156.8243561,310,280,211.0631676,158.6246147,320,280,165.9346733,145.3034592,330,280,155.0020142,139.4987373
70,71,NA,Tracking,w,8905435,-3.36,15.63,282.2325039,273.3600044,277.75,147.5041847,241.0517578,322.1582031,632.2441406,119.5432129,238,271,141.25,139.75,255.75,264,565,143.5,320,268.9612961,322.5437012,161.7883644,320,260,324.2804565,164.3867378,330,268.9612961,318.0456238,145.9183273,330,260,297.0585861,142.1357117
71,72,NA,Tracking,w,8832814,-7.56,16.25,298.4775066,284.9199915,239.5,135.5982323,266.1870117,332.9309082,328.1831055,128.652832,251.75,260.5,158.25,141.25,276.75,261.5,434,138.75,320.9101868,280,286.4529724,152,330,270,306.4720078,155.3170662,340,274.0414858,251.3027229,147,340,270,228.1683769,140
72,73,NA,Tracking,w,8708739,2.65,17.23,292.3886681,287.4400024,148.8,148.8026337,249.7017578,353.0306641,623.6466797,134.6019531,243.2,300.8,34.4,118.4,273.4,284.2,353,157,320,300,111.6662048,180.163562,320,299.3468857,123.1342072,185.384964,330,290,138.1486633,165.7160583,330.5038986,290,135.4384308,159.3025177
73,74,NA,Tracking,w,9055919,7.66,14.43,274.2041636,244.8299885,318,158.1062851,237.4665527,317.7346191,628.8955078,130.7341309,238.25,280,101.75,143,257,258,503,150,300,269.7817421,365.3450317,164.4656143,300,265.1472092,357.1741486,169.4706039,310,270,534.0764923,164.4289398,310,270.3457308,519.9974823,161.2467041
74,75,NA,Tracking,w,9180160,4.37,13.44,286.9088872,241.5333366,492.6666667,135.6762034,249.5065104,306.4039714,982.1435547,126.436849,250.6666667,255.6666667,311,133,266.6666667,245.6666667,828,136.3333333,310,240,601.9904785,145.995814,310,240,581.3802694,147.5643768,310.1610311,259.0698751,713.6200968,145.0062561,320,253.6448669,736.3910319,139.8376516
75,76,NA,Tracking,w,8817500,1.86,16.34,299.4670868,278.1900024,182.25,150.6472664,248.6352539,334.206543,698.4836426,132.5839844,248.25,280.25,63,119.5,271.5,265,426.5,152,328.549633,280,229.33535,174.4289055,329.9824238,275.8878231,293.7367401,198.2421265,340,270.0024366,275.9426117,160.3629112,340.0829792,273.6764097,267.9399719,156.025692
76,77,NA,Tracking,w,9226749,3.05,13.06,290.4816691,237.7466647,531.6666667,135.697052,251.6871745,308.9759115,1061.525391,124.4254557,252.3333333,257.3333333,364,132.6666667,269,245,883.3333333,138,310,232.2003047,597.4910889,142.6639099,310,233.7662633,587.8384196,142.8516591,319.9843725,250,753.5863241,143.8563944,320,250,752.9627075,138.4820251
77,78,NA,Tracking,w,9237110,3.11,12.97,290.8427811,239.3066533,552.3333333,134.1382548,252.5452474,306.398112,1073.425456,123.6230469,252.6666667,255.6666667,379.6666667,132.3333333,269.3333333,243.3333333,902.3333333,136.3333333,310,230,595.4944661,140.7788696,310,230,588.5807088,140.4934133,319.9707031,250,755.3624268,142.5305125,320,249.9414126,753.7678019,137.4799906
78,79,NA,Tracking,w,9035185,7.06,14.59,278.9661153,249.7866631,326.3333333,157.111496,240.1998698,319.6201172,684.7011719,131.1943359,241.6666667,279.6666667,117,145.3333333,259.6666667,259,565.6666667,150.3333333,300,270,354.9509481,166.0915324,300,270,353.3091431,174.7775981,310,273.2769712,514.2735596,169.5957642,313.9868228,275.0780169,499.0980225,164.8123016
79,80,NA,Tracking,w,9143903,4.46,13.71,286.5104151,243.8200092,443.5,139.8862076,250.4990234,306.949707,932.8364258,127.9150391,251.75,257.25,272,136.25,267.75,247.75,771.25,138,310,240.1562643,538.8654327,149.7014046,310,240.1189899,517.5087051,152.2374954,311.7334604,260,636.5023041,148.3366966,320,260,657.0524597,142.5672684
80,81,NA,Tracking,w,9320034,4.95,12.31,279.879996,233.7599945,764.3333333,117.8829447,243.344401,302.2382813,1243.317057,114.8727214,243,258.3333333,584.3333333,118.3333333,256.3333333,247.3333333,1219.666667,124.6666667,301.4699046,220,821.571696,134.1580149,302.3620478,220,824.7037964,130.4395854,309.9314181,231.070315,994.0859172,135,310.2304904,230,1028.990234,132.4395854
81,82,NA,Tracking,w,8817487,1.3,16.35,298.0166626,275.6666565,178,149.1459045,248.3121745,322.296875,696.2750651,131.8134766,247,268.3333333,60.66666667,118,271,252.3333333,416.6666667,154,330,280,241.7171885,170,330,270,308.2475484,192.1642253,340,270,281.0154826,155.9570669,349.422315,271.1286863,271.9832967,153.2315013
82,83,NA,Tracking,w,9008951,-6.87,14.8,282.9924965,285.2099943,378.5,145.7844467,241.3144531,342.8566895,577.8220215,116.3422852,231.25,281.5,322.25,148.75,248.25,277,702.25,138,320,260,445.7652283,150.5891953,320,256.8963623,442.5584946,148.0150604,330,260,438.8921814,143.452919,339.7407055,251.591773,399.2643204,139.8157272
83,84,NA,Tracking,w,8915721,-6.43,15.56,288.9145851,283.570013,285.25,141.9717827,244.2954102,337.340332,452.3925781,119.7885742,233.5,274.25,192,151.25,255.75,269,512.5,141.5,311.0683441,270.7513762,367.5226135,154.3946228,319.3016958,265.0570631,372.8775253,155.1974564,330,260,329.4847565,146.1157455,330,260,293.1284409,140.4857025
84,85,NA,Tracking,w,9257862,4.43,12.82,284.5105553,239.3600146,657,117.1901728,249.5963542,302.9716797,1139.642904,116.6380208,249.3333333,257,458,118.3333333,264.6666667,244.6666667,1038,124.3333333,310,228.6026764,662.2691243,137.6480204,310,226.0043081,656.190918,136.4304148,312.434082,240.0334167,825.0425008,140.1280416,320,240,855.5193888,136.0753123
85,86,NA,Tracking,w,9097335,6.63,14.1,279.4499969,241.5000105,353.5,152.4711838,239.2636719,317.472168,750.6821289,131.6403809,240.25,277.25,172,149.5,258,256.75,605.25,150.5,300,259.8795605,427.9098434,159.0247421,300.209322,260,419.8110504,162.8510742,310,261.4262533,586.979248,159.9737701,311.9576073,270,580.6834717,155.1125908
86,87,NA,Tracking,w,9351107,4.633235878,12.07165616,281.2025023,235.4100084,818,112.2798157,244.3364258,298.3308105,1276.358887,112.0358887,243.75,254.25,621.5,114,256,244.25,1248.5,120.75,302.0644903,220,869.8823853,129.5800705,302.6862478,219.9397802,883.6273804,126.7649708,307.2738218,238.6920977,1043.821869,132.2300873,310,231.388073,1076.754974,128.8569221
87,88,NA,Tracking,w,8812093,-7.59148285,16.38359969,301.7487478,286.4499998,223.5,136.3953323,269.2321777,330.2856445,314.9182129,132.3764648,254.5,257.75,148.25,142.25,280,258.75,419.5,139,330,280,261.806694,152,330,270,281.7330399,155.8654671,340,280,227.5386734,147.2709656,342.504797,270,207.0495644,140
88,89,NA,Tracking,w,9009007,-4.540365425,14.83081972,280.4699993,281.699996,353.5,140.7232819,235.9626465,323.8879395,656.5544434,119.2612305,232.25,274.5,233.25,139.75,247,268,664.75,137,320,253.7334299,475.8581314,149.3635292,320,249.8310471,463.4785004,145.3281937,340,250,453.5284042,137.1715546,340,250,430.2256622,133.7643127
89,90,NA,Tracking,w,8946761,-8.105579884,15.30811597,285.1579142,275.1599884,348.75,140.3007088,250.3981934,347.8886719,408.2590332,114.2114258,236.25,279,270.25,151.5,258,275.75,558.75,139,312.4688148,270,434.9391327,149.6322479,320,260,449.7553329,151.4610901,330,260,417.6592102,147.5268478,330,260,355.0800018,142.044632
90,91,NA,Tracking,w,8874475,1.625975582,15.91114591,299.6983385,270.5800056,196.75,151.9722633,250.1411133,322.2775879,715.7080078,132.6821289,250.5,270.25,72.75,127.75,272.5,254.25,437.75,153.25,330,270,247.313427,175.0997429,330,268.9228678,312.8430862,197.8898659,340,270,303.1090927,168.5148354,342.2929382,270,290.3147354,161.2299614
91,92,NA,Tracking,w,9335576,5.025337434,12.17197968,280.9341621,239.0499687,780.5,117.7190037,246.5285645,302.4521484,1247.380127,114.4824219,246,258.75,601,117.5,259,249.5,1233,123.75,309.9878073,223.8488674,757.2977295,132.345562,309.9975634,220.0866318,766.0687103,128.8745804,310,240,910.4858704,134.0317917,319.7180033,239.6709299,939.0692444,131.0676842
92,93,NA,Tracking,w,9019433,-1.785643143,14.72314097,292.6912546,263.2400036,376.25,138.5558662,254.2148438,305.6472168,810.1152344,121.7961426,253,259.25,209,135.25,271.5,250.5,723.75,136.75,318.1506014,260,411.6244736,149.2483292,320,260,411.1526489,148.956337,330,260,459.7388992,138.0665283,330,260,445.0888519,136.1652908
93,94,NA,Tracking,w,9097338,6.754588248,14.10731362,279.6966616,243.5866674,341,153.2013499,240.1158854,318.7135417,725.7835286,131.483724,241.6666667,279,157.6666667,148,258.6666667,258.6666667,575.6666667,150,301.4752706,260,402.7292887,159.8953807,303.6825116,260,395.6309408,164.1311951,310,263.1327947,558.9893188,160.8276164,316.0427666,270,550.7640177,155.9678243
94,95,NA,Tracking,w,9092029,1.381909402,14.13168303,291.592083,247.1400023,367,147.3080406,253.107666,314.6945801,895.1496582,127.4753418,255.75,265.75,192.25,139.75,273,249,657.5,145.25,319.884119,250,382.3876343,159.6954346,319.9490595,250,395.5403595,164.9978333,330,250,467.6945267,157.2304878,332.2963047,257.4478579,445.6620102,150.1509743
95,96,NA,Tracking,w,9252978,16.76019431,12.83369452,289.9412537,266.0300064,394.75,148.1215401,256.861084,319.8044434,694.1105957,120.5744629,263.25,300,177.25,133,272.25,284.5,700.5,150.5,310,250,454.7781982,153.9726601,310,250,432.7597504,147.9302826,320,250,674.2948914,160.9192314,320,260,663.5749207,160.2193947
96,97,NA,Tracking,w,9019628,6.339766754,14.71798177,280.0404167,249.5599937,325.5,151.9174538,240.9396973,319.142334,710.0292969,132.5466309,243.25,275.25,126.75,145,260.25,256,557.5,149.25,300,270,374.193634,163.6477165,300,270,374.035965,171.0913506,310,270.4109716,515.9502411,166.0257835,318.262949,270.4109716,509.9013901,160.8509674
97,98,NA,Tracking,w,9366640,4.342223118,11.95366081,286.2012482,235.5999994,845.5,110.9817219,246.229248,296.765625,1273.546875,112.3115234,246,249.75,630,114.75,257,241,1233.5,120,307.4671316,210.6891632,862.8353882,127.6620483,307.7080107,210,885.2416992,125.2385292,307.1855593,232.64534,1047.243683,131.4392738,310,230,1073.972443,127.6589222
98,99,NA,Tracking,w,9143855,2.476628748,13.73833778,291.6795826,247.0000029,419.25,140.772831,250.3212891,320.4755859,927.8977051,128.4919434,253,267,231.75,138.75,269.75,257,684.75,141,310,242.0563698,508.0662994,151.5932236,311.5673256,240,504.2480774,153.2584648,320,260,625.5244904,148.4068146,320.299511,260,615.5974731,142.1516342
99,100,NA,Tracking,w,9330390,4.757520707,12.22991525,282.9116631,234.0899897,791.75,113.5037994,246.0773926,301.0993652,1255.624268,113.2844238,245.75,257.25,594.25,116.25,258.5,246.25,1227,122,305.7002592,220,806.753891,132.5104446,307.0862007,220,811.8476105,129.3330803,310,238.4911776,972.4408875,134.1919975,311.953578,234.8368835,1006.23082,131.3768005
100,101,NA,Tracking,w,9294423,16.98714533,12.50459675,289.0008354,265.6799984,466.25,145.8405037,255.0358887,329.0681152,758.5666504,121.5144043,263,303,234.75,133.25,267.25,292.25,781.25,147.5,310,240,493.5455399,150.7786751,310,250,480.0717697,144.6926918,319.9295235,250,711.9359436,154.6818123,320,257.6038074,696.9202423,154.3020782
101,102,NA,Tracking,w,9221603,4.458736735,13.09462512,284.9687481,240.1900005,580.5,126.6719723,249.1865234,305.0866699,1068.16748,121.8786621,249.25,257.75,392,125.75,265.25,245.25,948,130.5,310,240,661.5544586,141.6888084,310,239.8787451,650.0000916,141.8031044,310,250,810.1307678,143.2465134,320,250,837.0711823,138.4757767
102,103,NA,Tracking,w,9315128,16.36856729,12.36326472,290.8675003,267.6400185,455.25,143.0536575,255.8962402,321.4611816,744.6533203,118.7385254,261,295,222.75,131.75,272,278.75,749.5,144,310,250,511.0715103,148.2974625,310,250,494.7435837,142.1726227,311.323905,250,740.4699097,154.4023285,320,260,721.4382019,153.7208023
103,104,NA,Tracking,w,9315151,17.29981539,12.35927781,287.3322233,264.6266619,505.3333333,142.9904277,255.905599,328.3766276,794.6992188,120.6656901,264.3333333,296.6666667,267,133,266,291,829.3333333,144.3333333,310,240,506.1397603,148.0894114,310,249.8858515,498.0929769,142.2925212,313.3251953,250,732.3894043,151.1290029,320,259.6603966,709.458252,150.6248169
104,105,NA,Tracking,w,9408606,26.26651694,11.60630563,270.3624964,257.680006,417.5,131.9725914,237.0297852,335.1916504,681.2902832,110.2536621,242,289.5,327.5,138.75,257,263.5,570.75,128.75,300,219.5117331,415.4681625,121.3076534,300,220,421.5549545,120.4691925,310,220,524.9759216,122.5558929,310,230,528.5807037,125.2496243
105,106,NA,Tracking,w,9393070,26.42508345,11.71925971,272.2870874,257.329998,403,132.8690262,236.3134766,335.3796387,665.6191406,110.2451172,241,290,313.5,140.5,256.25,262.5,561.75,130.5,300,220,412.8827057,122.7237396,300,220,418.2048492,122.1171627,310,220,520.5523682,123.3139534,310,230,523.0946045,125.9622421
106,107,NA,Tracking,w,9263368,18.01561116,12.76024402,292.2611109,256.1066882,502.6666667,143.0612895,257.5872396,322.4541016,724.164388,121.1875,265.6666667,291.3333333,230.6666667,132.3333333,267.3333333,285.3333333,756.3333333,148.6666667,310,240.243028,473.17512,153.4065145,310,250,454.4250997,148.1961466,320,249.243679,744.2259725,161.0338491,320,252.2824478,726.7409871,160.450887
107,108,NA,Tracking,w,9253011,18.14884889,12.85343376,292.3250008,249.8399963,508,142.8644165,256.7242188,323.5291016,717.6480469,121.3222656,264.8,292,224.4,133.2,267.2,285,753.8,150.8,309.4696884,240,467.8888184,155.134549,309.4696884,249.1840172,446.2929871,151.0987335,318.8432655,243.422718,750.6412231,164.0799316,319.3472977,249.8843689,735.0063354,163.995874
108,109,NA,Tracking,w,8983716,20.87339242,15.03896926,287.3849964,265.9300041,180.75,159.1029663,259.4462891,317.7246094,339.8220215,131.6247559,257.5,281,60,142,269.5,251.5,404.25,175,310,260,189.5283012,177.7477112,310,260,212.4153786,181.7377892,319.6140718,250,372.7536697,193.3664093,320,260,365.5442505,193.4400597
109,110,NA,Tracking,w,9169801,4.387800395,13.53575014,286.539588,244.0700054,473.75,137.0107422,250.7663574,307.1728516,962.7854004,127.2744141,252,255.5,295.5,134.25,268,246,803,137,310,240,559.2218323,147.2844353,310,240,538.2963562,148.762085,312.982626,260,660.4728241,145.7975388,320,260,681.9720612,140.1728096
110,111,NA,Tracking,w,9278880,16.85961239,12.65404304,290.0522232,267.7066612,430,147.4920197,256.2548828,325.1233724,724.742513,121.1416016,263.6666667,300.6666667,205,134.3333333,270.3333333,288.3333333,738.3333333,148.6666667,310,240.0032489,476.5722453,152.5812785,310,250,458.4941305,146.1143494,320,250,694.1193644,157.9211477,320,260,682.5256958,157.2889455
111,301,NA,GBIF,w,9096787,-16.167322,14.122117,278.1066656,202.7499962,591,152.1556473,264.7312012,248.4875488,699.3669434,156.8027344,253,298.75,992.75,155,265.5,239.75,914.75,141.5,290,199.6376753,494.5940628,153.6335258,290,193.5087299,574.6955872,151.4298592,298.9435673,200,555.8312531,149,300,200,503.1241302,146.7960968
112,303,NA,GBIF,w,9096789,-16.112835,14.08605,278.3774948,214.4099903,596,151.5725174,265.4763184,249.4228516,709.53125,156.4484863,254.25,300.25,1004.25,154.25,266.25,240,928.25,141.5,290,197.0398331,502.5614853,152.8933258,290,190.8848619,584.5197754,150.4875298,299.8735332,200,566.6942444,148.592186,300,200,508.5695877,146.0870705
113,305,NA,GBIF,w,9096788,-16.166355,14.121033,278.1066656,202.7499962,591,152.1556473,264.7312012,248.4875488,699.3669434,156.8027344,253,298.75,992.75,155,265.5,239.75,914.75,141.5,290,199.6376753,494.5940628,153.6335258,290,193.5087299,574.6955872,151.4298592,298.9435673,200,555.8312531,149,300,200,503.1241302,146.7960968
114,308,NA,GBIF,w,9091610,-16.082897,14.130937,279.7408295,213.8399935,582.5,151.1107063,266.6276855,253.7783203,700.8491211,156.1418457,255,300,986,153.75,267,244.25,910,140.5,290.0520897,191.1344242,484.8279037,152.4798927,290.1562691,190,564.3390198,150.3059349,300,199.9340868,547.3252869,148.2010384,300,200,491.744545,146.0444336
115,309,NA,GBIF,w,8827434,-15.876907,16.259163,272.440834,196.6100121,228.75,152.879097,256.6411133,241.1123047,219.3964844,151.0080566,240.75,231,303.25,168.25,257,225,343.25,141.75,300,210,248.2320633,162.781044,300,200,268.8431244,162.0269508,303.2186842,217.8877687,243.4381676,159.7583046,310,210,233.7330666,157.2165184
116,319,NA,GBIF,w,9101967,-16.180262,14.066858,277.5100009,209.8266602,597.6666667,152.4660797,264.1722005,245.7897135,710.0058594,157.0042318,253.6666667,299.6666667,1013,154.3333333,265,237,937,142.3333333,290,200,510.8741862,153.6045074,290,196.6561826,593.4853109,151.1088765,298.0282911,200,574.7478638,149,300,200,517.5161947,146.4462687
117,320,NA,GBIF,w,9174519,-14.851241,13.498267,278.6770773,239.7500038,751.75,137.2054939,261.2805176,282.3276367,818.6831055,143.1674805,241.25,256.25,892.75,140,260,253.25,986.5,130.75,310,200,662.9336243,131.2782593,310,200,773.4789734,129.8876534,310,208.722868,752.0249176,134.0056801,318.154006,200.6845236,640.1947479,131.5785255
118,325,NA,GBIF,w,8806705,-16.277008,16.421579,259.340415,177.1800041,181.5,159.308773,246.8391113,203.7404785,174.8408203,157.4360352,233.75,220,229.75,174.5,247.75,204.75,265.5,153.25,280.5275774,179.8450613,214.5117722,168.3430824,284.2669487,174.4950628,227.8477516,167.6947403,284.7431707,178.1533527,218.3138542,165.0989532,288.037653,178.2924938,215.9397163,164.1396484
119,335,Saint-Louis,GBIF,w,8858502,-16.3874,16.0316,262.3162508,193.4800053,262,155.750824,239.1523438,188.0803223,274.4208984,153.932373,225.75,203.75,334.5,170,240.75,189,395.25,148.75,274.6674061,150.9518695,252.2859879,165.94347,276.8514967,147.0093226,275.4466858,164.8909645,277.3065662,150.5228138,260.9630127,160.3654327,280.311079,150.2309942,253.1560707,159.8359222
120,340,Dakar,GBIF,w,9034604,-17.137,14.6215,256.1429977,163.1868839,446,162.5925255,244.7845955,175.3934593,584.1828461,162.9332237,233.5,200,885.25,163.75,246.5,174.5,872.5,156.5,270,137.9360723,390.3011322,170.8436165,270,141.5778327,454.3314056,170.1287155,271.7572451,132.9694366,425.0613174,163.4618607,279.887681,135.8364797,392.3801193,162.7183762
121,346,Fatick,GBIF,w,9138220,-16.48,13.7514,266.6932805,168.1416639,745.6666667,153.7696228,256.1972656,195.5983073,857.4049479,156.9589844,251,278.3333333,1246,152,258.3333333,192.3333333,1213.666667,147.6666667,281.1354955,147.4500561,596.074056,157.7776184,280.9050115,145.9719753,684.8821615,154.2315877,287.8665924,141.6533502,671.7780558,153.4131571,290,146.6286627,590.0860189,148.2216746
122,355,Fatick,GBIF,w,9096773,-16.7571,14.1113,265.995779,172.944355,633,158.1396599,252.8789406,197.3843422,750.2105408,161.7980156,245,259.25,1112.75,158.75,254.25,194.5,1077.75,152.5,275.1762056,125.2612233,504.4144287,164.2932129,275.9498024,128.3007598,581.9316254,161.9911118,280,123.3298707,561.2799225,158.54599,280,124.8479581,513.2534485,154.9938507
123,363,Thi??s,GBIF,w,9044966,-17.0579,14.52,257.5523911,161.6632538,456,163.6187592,246.9848694,179.8199768,618.1480591,162.7084259,236.4,213.2,944,163,248.8,179,922,154.4,270.2588921,135.5380917,405.6777039,169.9459045,271.1303978,139.7322426,472.4505737,169.0895325,274.0825157,131.636673,444.3594238,162.7572052,279.6476555,135.2272892,409.3007324,161.5234039
124,371,Fatick,GBIF,w,9143400,-16.4636,13.7337,268.0862093,176.5662527,752.5,152.6258354,256.3100586,198.3476563,851.276123,156.8415527,251,281.25,1236.75,152.25,258.25,194.5,1200.5,147.5,281.7507505,152.6352072,604.2949677,157.0281944,281.8776941,151.0050082,694.8297272,153.4429741,288.2321262,146.5628457,681.4454041,152.5995636,290,151.9359946,597.9651031,147.5681877
125,372,Fatick,GBIF,w,9039819,-15.703,14.543,276.5162516,226.9999886,519.25,146.8500633,257.8474121,272.6875,583.0405273,154.1872559,238.75,276.75,755.25,155.25,257,256.75,726.75,135.25,300,200.0372791,432.4257889,149.7567139,300,200,501.255455,148.2063751,300,205.2566051,490.0484314,147.9766922,310,205.0525093,432.8569183,145.9743156
126,373,Kaolack,GBIF,w,9091609,-16.1005,14.1347,279.7355525,213.719991,583,150.9791361,266.4980469,253.6165365,699.5286458,156.0712891,255,300.6666667,986.3333333,153.6666667,267,244,910,140.6666667,290.0694529,191.5125656,484.3959859,152.6427867,290.2083588,190,563.761027,150.445109,300,200,546.5235189,148.2680511,300,200,491.7263285,146.0797526
127,379,Fatick,GBIF,w,9076057,-16.6227,14.2783,271.4058352,197.0799971,580.25,157.5288048,254.3322754,216.9980469,692.7597656,160.6394043,243.25,267.75,1025,158.75,255.25,214.25,958.5,149.5,282.4028826,163.1110382,474.3158875,160.8139,283.6614799,163.4384775,546.9830475,158.6997261,287.359972,162.0039868,525.954895,154.5703011,289.9578428,162.6725888,490.3765869,153.0549126
128,386,Fatick,GBIF,w,9112313,-16.7648,13.9887,259.789931,147.0138868,683.6666667,157.231837,252.4580688,190.0997314,809.7859497,160.6020762,246.3333333,261,1187.333333,156.6666667,254.3333333,189.6666667,1179.666667,153,275.2596537,120.8499082,532.3992513,164.3931274,276.4388847,122.080005,613.4111328,161.4835154,280,116.6834768,595.804952,159.0921071,280,120.1461506,535.6187541,154.3657023
129,394,Plateau,GBIF,w,9625751,8.97694,9.85647,215.1496658,186.6879959,1219.2,104.2535034,199.2433594,234.9228516,1476.510352,102.1316406,191.8,196,980.6,106.4,207,192.2,1549.4,101.6,229.6921387,193.0530815,1073.746509,101.4031204,229.9908409,185.0448761,1160.840161,100.3881485,236.1598434,188.7244873,1339.59519,104.6286301,240.0098457,191.8051834,1380.437158,104.6787933
130,395,Fatick,GBIF,w,9117495,-16.6743,13.9247,261.281352,149.0877342,709.25,156.4944954,253.7619629,192.6645508,837.3666992,159.2585449,247.75,267.5,1222.75,155,255.5,191.25,1207,151.5,280,130.8655715,555.0747986,162.1696358,280,134.1345692,638.070816,158.928112,280.0864315,127.4350572,622.5302734,157.1392593,285.5707455,130.4119611,555.7883911,152.2616997
131,396,Banjul,GBIF,w,9174475,-16.7049,13.4629,NA,NA,NA,NA,NA,NA,NA,NA,243.25,270,1437.25,149.75,249.25,179,1530,150.25,270,92.51102209,696.8831635,158.0938606,270,94.54292059,799.874054,155.2468643,271.80933,85.71185589,788.664917,154.8542366,279.9640274,90.49928665,686.1390839,148.8528366
132,398,Fatick,GBIF,w,9086416,-16.6543,14.167,270.1904202,191.2300014,626.5,157.3470993,254.0136719,206.5854492,733.7077637,161.1655273,244.75,266.5,1086.25,157.75,255.25,204,1035.25,151.5,280,142.4562001,501.1839066,162.2110138,280,145.1720142,577.6355286,159.853611,280.0497913,140.1762629,556.8456879,156.3405457,285.6718111,142.3188305,513.3731384,153.5364799
133,414,Fatick,GBIF,w,9091596,-16.6276,14.1484,270.5633354,184.1600037,629.6666667,157.0423126,254.6207682,209.7626953,734.8870443,160.9095052,245.3333333,269.6666667,1084.666667,157.6666667,255.6666667,207,1031,151,280.8373006,150.2243773,502.4897257,161.4499817,281.403478,152.3951244,579.0278727,158.9650065,283.3997218,147.2475656,558.3562622,155.5455373,289.4686063,149.8254744,514.9845581,152.7691956
134,430,Saint-Louis,GBIF,w,8811885,-16.253,16.3787,263.0841684,188.0899954,189.25,158.7701645,247.6333008,204.5517578,184.394043,156.5441895,234.25,220.25,245,171.25,248.75,206,281,150.75,285.557065,187.1593142,224.9710464,167.6410484,289.6246862,181.6895533,239.212986,166.7454071,290,186.261363,228.2425461,164.3220825,290,186.261363,224.8489265,163.1592751
135,440,Saint-Louis,GBIF,w,8811886,-16.2396,16.3862,263.0841684,188.0899954,189.25,158.7701645,247.6333008,204.5517578,184.394043,156.5441895,234.25,220.25,245,171.25,248.75,206,281,150.75,285.557065,187.1593142,224.9710464,167.6410484,289.6246862,181.6895533,239.212986,166.7454071,290,186.261363,228.2425461,164.3220825,290,186.261363,224.8489265,163.1592751
136,444,Thi??s,GBIF,w,8998346,-17.0548,14.887,260.3111076,182.7599907,437,160.5888977,245.0576172,176.3502604,531.5976563,162.2386068,232,195.6666667,760.3333333,166.3333333,246.6666667,177,774.6666667,155.6666667,270,140.2103202,354.5171509,168.1356405,270,143.6022631,405.4585164,166.8036245,272.4235853,136.7407258,381.5545349,160.3325348,278.5321744,138.6688932,357.3258362,161.3621368
137,452,Fatick,GBIF,w,9091595,-16.7011,14.128,267.7899981,181.2999964,637,157.5990791,253.2602539,200.9970703,750.2468262,161.4143066,245,263,1110.5,158.5,254.75,198,1070,152,279.6111822,133.2891774,509.6542053,163.2382126,280,135.6967187,587.453598,160.9000473,280,130.6521702,567.0082397,157.5615044,281.4365578,132.7908158,519.4451141,154.1297417
138,466,Fatick,GBIF,w,9065699,-16.5124,14.3674,273.6429214,204.1899967,552,156.8097954,255.3674316,233.128418,671.6992188,159.925293,242.25,276.5,979.75,159.25,256,228.75,903.5,147,290,193.0651999,460.394516,158.6389732,290,189.6538162,531.2185822,156.6989708,290,195.0465012,510.0583572,152.1722717,291.3038969,196.056428,477.7382355,151.5921669
139,470,Fatick,GBIF,w,9107134,-16.7417,14.0323,262.2184467,151.6889811,667.5,157.4153748,252.7465897,193.1322937,786.5733643,160.9385147,246,260,1158,157.5,254.5,191.25,1138,152.75,275.9849548,122.564559,522.5287781,164.304409,277.0899105,125.3922439,602.3266144,161.5793495,280,120.2494645,583.4666595,158.8716316,280,122.6161528,528.085968,154.5024338
140,484,Kaolack,GBIF,w,9107146,-16.2283,14.0151,277.3570824,216.0899973,628,151.6417084,262.5471191,237.5187988,725.8664551,157.5227051,253,297.5,1041.25,153.75,263.75,230.25,966.25,143.5,290,198.2858658,534.5895538,154.1411514,290,193.1634903,619.9040985,151.3713989,291.1800623,199.6744919,601.1045685,149.416317,300,199.8684835,539.0513153,146.4864998
141,491,Fatick,GBIF,w,9153758,-16.5627,13.6506,263.0040169,149.8935938,763.25,154.7313995,254.201561,185.4098129,902.8999023,157.2178192,250,272.25,1295.25,152,256.5,186.5,1298,149.5,280,125.4805756,620.1891174,158.2656822,280,127.8229213,711.4453125,154.8706627,280,119.5507884,699.9539948,154.2443581,283.6911631,124.2504144,611.0414734,148.5293465
142,495,Thi??s,GBIF,w,9039785,-17.1,14.5423,256.5338707,159.4604063,455,163.0396729,246.0689468,178.5105515,608.849823,162.7213364,235.25,209.5,928.25,163.25,247.75,177.5,910.5,154.75,270,134.1448808,401.255249,170.3595161,270.2456331,138.483777,467.5518951,169.5984421,272.4262142,130.169313,438.9163437,163.1393967,279.4851971,133.5132146,404.3088684,161.9918594
143,536,Fatick,GBIF,w,9055346,-16.2221,14.4535,275.8558321,217.4999857,521.75,153.8015938,260.8054199,257.7910156,624.5512695,157.8391113,244.75,289.25,875,157.25,260.75,250.5,795.75,140.5,290,191.9191408,437.8411102,154.7014236,290,190,507.8717117,153.2812271,290.0864315,200,487.5376816,149,300,200,450.9170456,148.2953682
144,545,Fatick,GBIF,w,9050170,-16.0655,14.4929,275.8794403,219.7333336,515,151.1644999,261.281901,263.4954427,607.0927734,156.9915365,244.3333333,287,834,157,260.6666667,254.3333333,763,138.3333333,290.5141385,200,420.1241252,153.3571981,290.5141385,197.284139,488.032725,151.9989777,300,200,470.0978902,148.7265116,300,200,429.6747233,147.9873301
145,546,Thi??s,GBIF,w,9055328,-16.9654,14.4226,262.444768,176.5895796,498.75,160.630146,249.9102859,187.3546791,663.9821777,163.3115616,239.25,232.5,1017.5,162.25,251.75,186.25,978.25,154.5,271.7295551,135.009625,427.2414093,168.1095619,272.7220917,139.5159793,496.1952591,166.9163818,276.6687107,133.1387377,470.6154785,161.2285271,279.9648428,136.034677,434.1319656,159.5335312
146,551,Fatick,GBIF,w,9091600,-16.4678,14.1274,268.9049959,171.1199951,618.5,155.9628105,257.4472656,224.2165527,729.5185547,159.6281738,247.5,283.5,1065.25,156.75,258.5,219.75,996,148,290,188.3370352,515.5764847,157.8982239,290,187.2917747,594.8257599,155.4972496,290,188.711648,573.96521,152.166275,299.310317,189.1206551,527.7591858,149.9464035
147,3474,NA,GBIF,w,9019057,-17.443411,14.732935,244.3385379,156.9277827,363.6666667,167.3573405,234.9096781,158.5035807,536.5627035,159.5185547,224,175.6666667,770,164.3333333,237.3333333,158.3333333,823.6666667,157,260,87.82770157,336.5516866,177.0980632,260,83.69993528,393.7149251,177.8513794,260.1740392,81.9701608,355.6803589,170.9189097,267.5217311,80.15500228,336.0489502,170.1436157
148,3475,NA,GBIF,w,9117497,-16.600714,13.918725,263.0450153,153.0661345,694.5,156.4204636,255.3625488,199.7971191,820.4189453,158.6330566,249,274.25,1198.5,154,257,196.5,1165.75,149.75,284.4190598,146.1623263,556.3239899,160.3159218,284.5069504,147.2052622,639.4250793,157.1208,288.6450386,143.1325221,623.6033173,155.3038559,290,146.0029888,557.6524658,150.7478065
149,3533,Fatick,GBIF,w,9055337,-16.6063,14.4248,271.6916656,201.8800163,553.75,157.1327553,253.7695313,223.3901367,655.7897949,160.7226563,241,265.5,964.75,160.5,254.75,220.5,893.75,148.75,289.993,185.5850649,449.1293182,160.075367,290,185.5850649,517.8058624,158.0583916,290,187.3054314,497.520195,153.5862045,290,187.8484631,466.1099548,152.8873596
150,3549,Western,GBIF,w,9190015,-16.6678,13.3535,267.5399971,179.0600014,908.5,150.5466309,243.9389648,185.1953125,1126.39209,155.7875977,239.5,276.5,1571.5,150.5,246,182.5,1671.5,151.5,271.1344719,95.33342838,778.0295105,155.1925049,271.1344719,98.14593315,892.7115479,152.6065292,276.384201,91.16251469,878.8616638,152.3570557,280,95.12933254,767.8624878,146.6375198
151,3597,Kaolack,GBIF,w,9091608,-16.1448,14.129,278.7287474,205.8699989,587.25,151.7277107,265.2839355,250.3791504,697.5786133,156.5134277,253.5,300,988.25,154.75,266,241.5,911,141.25,290,197.3394966,488.7357864,153.3801041,290,191.2782621,568.1343536,151.257412,299.5294809,200,549.6886902,148.8794899,300,200,497.2494888,146.6350746
152,3603,Fatick,GBIF,w,9107133,-16.7697,14.0139,NA,NA,NA,NA,NA,NA,NA,NA,245.75,258.5,1177.5,157.25,NA,NA,NA,NA,273.9447403,119.0643716,527.6141205,164.741848,274.8291636,121.3422585,608.2641144,161.9473305,278.5989809,115.127728,590.0883179,159.3446465,280,118.2450342,531.4004517,154.7199821
153,3667,North Bank,GBIF,w,9174497,-15.7912,13.4644,269.4072676,204.4455147,730.5,146.3719826,259.7465363,258.5501862,850.2082672,153.3360558,248.75,311,1116.5,149.5,260.75,243.25,1098.75,142.25,299.408102,180,627.2292633,141.6515388,296.7365503,180,733.0644684,138.7812386,300,180.0654268,719.3582764,141.6866188,300,180,608.5984344,137.5142555
154,3729,NA,GBIF,w,9143427,-15.343781,13.726045,274.0327835,228.7600136,649.3333333,141.8555145,259.3557943,272.4746094,734.8971354,150.2288411,242.3333333,278,873,146.3333333,259,252.3333333,902.3333333,134.3333333,300,189.9707095,606.9677327,138.6492259,300,186.3785871,711.1568197,135.8764547,302.2796949,190,697.4603271,139.9085286,310,189.9707095,586.7801717,137.5249176
155,3870,Abuja Federal Capital Territory,GBIF,w,9718955,7.47698,9.0934,261.2979174,171.8200016,1377,94.83397675,232.2004395,226.2700195,1527.496338,93.90332031,218.75,191.75,1157.75,93.75,241.75,181.5,1638.5,93,277.2080708,150,1360.888306,94.77729416,277.9234171,147.9820538,1463.442749,92.39441299,284.2545366,150,1827.82489,103.6310005,287.4929094,148.270936,1817.658173,102.8071842
156,4004,Malanville,GBIF,w,9376977,3.396689,11.873038,290.13333,222.6799965,789.6666667,122.3876038,255.9208984,290.2890625,1251.744141,116.5768229,256.6666667,238,618.3333333,121,266.6666667,229.3333333,1185.666667,125,317.5040372,212.6256371,764.4316406,123.2025935,310,220,790.7562459,120.5834554,320,230,1004.313985,126.7558289,320,230,998.2391968,123.9198023
157,4006,Abuja Federal Capital Territory,GBIF,w,9724135,7.49516,9.07447,260.696249,170.6799984,1377,94.98829651,231.3901367,225.9187012,1531.756592,93.76660156,218,191.75,1163.75,93.5,241,180.75,1643.25,92.75,276.9019127,150,1358.706604,95.00920868,277.8680706,147.3555994,1460.828827,92.61329651,283.0184031,150,1824.635193,103.8422432,287.3241282,148.1169653,1814.513306,102.9689789
158,4053,Fatick,GBIF,w,9060530,-16.052,14.4121,277.1566677,224.2500019,545.75,149.1936646,261.3657227,263.4689941,623.1213379,155.9726563,245.5,290.75,856.25,155.5,261,254,786.75,137.5,291.9481993,200,436.0587921,153.0070152,291.4058542,196.4849186,506.9793549,151.7042542,300,200,489.6914139,149,300,200,445.9249191,147.3630943